,month,mean_surface_airtemp,mean_wet_bulb_temperature,total_rainfall,daily_mean_sunshine,mean_relative_humidity,average_co2_ppm,average_ch4_ppb,average_n2o_ppb,average_sf6_ppt
0,1958-03,,,,,,315.7,,,
1,1958-04,,,,,,317.45,,,
2,1958-05,,,,,,317.51,,,
3,1958-06,,,,,,317.24,,,
4,1958-07,,,,,,315.86,,,
5,1958-08,,,,,,314.93,,,
6,1958-09,,,,,,313.2,,,
7,1958-10,,,,,,312.43,,,
8,1958-11,,,,,,313.33,,,
9,1958-12,,,,,,314.67,,,
10,1959-01,,,,,,315.58,,,
11,1959-02,,,,,,316.48,,,
12,1959-03,,,,,,316.65,,,
13,1959-04,,,,,,317.72,,,
14,1959-05,,,,,,318.29,,,
15,1959-06,,,,,,318.15,,,
16,1959-07,,,,,,316.54,,,
17,1959-08,,,,,,314.8,,,
18,1959-09,,,,,,313.84,,,
19,1959-10,,,,,,313.33,,,
20,1959-11,,,,,,314.81,,,
21,1959-12,,,,,,315.58,,,
22,1960-01,,,,,,316.43,,,
23,1960-02,,,,,,316.98,,,
24,1960-03,,,,,,317.58,,,
25,1960-04,,,,,,319.03,,,
26,1960-05,,,,,,320.04,,,
27,1960-06,,,,,,319.59,,,
28,1960-07,,,,,,318.18,,,
29,1960-08,,,,,,315.9,,,
30,1960-09,,,,,,314.17,,,
31,1960-10,,,,,,313.83,,,
32,1960-11,,,,,,315.0,,,
33,1960-12,,,,,,316.19,,,
34,1961-01,,,,,,316.89,,,
35,1961-02,,,,,,317.7,,,
36,1961-03,,,,,,318.54,,,
37,1961-04,,,,,,319.48,,,
38,1961-05,,,,,,320.58,,,
39,1961-06,,,,,,319.77,,,
40,1961-07,,,,,,318.57,,,
41,1961-08,,,,,,316.79,,,
42,1961-09,,,,,,314.99,,,
43,1961-10,,,,,,315.31,,,
44,1961-11,,,,,,316.1,,,
45,1961-12,,,,,,317.01,,,
46,1962-01,,,,,,317.94,,,
47,1962-02,,,,,,318.55,,,
48,1962-03,,,,,,319.68,,,
49,1962-04,,,,,,320.57,,,
50,1962-05,,,,,,321.02,,,
51,1962-06,,,,,,320.62,,,
52,1962-07,,,,,,319.61,,,
53,1962-08,,,,,,317.4,,,
54,1962-09,,,,,,316.25,,,
55,1962-10,,,,,,315.42,,,
56,1962-11,,,,,,316.69,,,
57,1962-12,,,,,,317.7,,,
58,1963-01,,,,,,318.74,,,
59,1963-02,,,,,,319.07,,,
60,1963-03,,,,,,319.86,,,
61,1963-04,,,,,,321.38,,,
62,1963-05,,,,,,322.25,,,
63,1963-06,,,,,,321.48,,,
64,1963-07,,,,,,319.74,,,
65,1963-08,,,,,,317.77,,,
66,1963-09,,,,,,316.21,,,
67,1963-10,,,,,,315.99,,,
68,1963-11,,,,,,317.07,,,
69,1963-12,,,,,,318.35,,,
70,1964-01,,,,,,319.57,,,
71,1964-02,,,,,,320.01,,,
72,1964-03,,,,,,320.74,,,
73,1964-04,,,,,,321.84,,,
74,1964-05,,,,,,322.26,,,
75,1964-06,,,,,,321.89,,,
76,1964-07,,,,,,320.44,,,
77,1964-08,,,,,,318.69,,,
78,1964-09,,,,,,316.7,,,
79,1964-10,,,,,,316.87,,,
80,1964-11,,,,,,317.68,,,
81,1964-12,,,,,,318.71,,,
82,1965-01,,,,,,319.44,,,
83,1965-02,,,,,,320.44,,,
84,1965-03,,,,,,320.89,,,
85,1965-04,,,,,,322.14,,,
86,1965-05,,,,,,322.17,,,
87,1965-06,,,,,,321.87,,,
88,1965-07,,,,,,321.21,,,
89,1965-08,,,,,,318.87,,,
90,1965-09,,,,,,317.81,,,
91,1965-10,,,,,,317.3,,,
92,1965-11,,,,,,318.87,,,
93,1965-12,,,,,,319.42,,,
94,1966-01,,,,,,320.62,,,
95,1966-02,,,,,,321.6,,,
96,1966-03,,,,,,322.39,,,
97,1966-04,,,,,,323.7,,,
98,1966-05,,,,,,324.08,,,
99,1966-06,,,,,,323.75,,,
100,1966-07,,,,,,322.38,,,
101,1966-08,,,,,,320.36,,,
102,1966-09,,,,,,318.64,,,
103,1966-10,,,,,,318.1,,,
104,1966-11,,,,,,319.78,,,
105,1966-12,,,,,,321.03,,,
106,1967-01,,,,,,322.33,,,
107,1967-02,,,,,,322.5,,,
108,1967-03,,,,,,323.04,,,
109,1967-04,,,,,,324.42,,,
110,1967-05,,,,,,325.0,,,
111,1967-06,,,,,,324.09,,,
112,1967-07,,,,,,322.54,,,
113,1967-08,,,,,,320.92,,,
114,1967-09,,,,,,319.25,,,
115,1967-10,,,,,,319.39,,,
116,1967-11,,,,,,320.73,,,
117,1967-12,,,,,,321.96,,,
118,1968-01,,,,,,322.57,,,
119,1968-02,,,,,,323.15,,,
120,1968-03,,,,,,323.89,,,
121,1968-04,,,,,,325.02,,,
122,1968-05,,,,,,325.57,,,
123,1968-06,,,,,,325.36,,,
124,1968-07,,,,,,324.14,,,
125,1968-08,,,,,,322.11,,,
126,1968-09,,,,,,320.33,,,
127,1968-10,,,,,,320.25,,,
128,1968-11,,,,,,321.32,,,
129,1968-12,,,,,,322.89,,,
130,1969-01,,,,,,324.0,,,
131,1969-02,,,,,,324.42,,,
132,1969-03,,,,,,325.63,,,
133,1969-04,,,,,,326.66,,,
134,1969-05,,,,,,327.38,,,
135,1969-06,,,,,,326.71,,,
136,1969-07,,,,,,325.88,,,
137,1969-08,,,,,,323.66,,,
138,1969-09,,,,,,322.38,,,
139,1969-10,,,,,,321.78,,,
140,1969-11,,,,,,322.86,,,
141,1969-12,,,,,,324.12,,,
142,1970-01,,,,,,325.06,,,
143,1970-02,,,,,,325.98,,,
144,1970-03,,,,,,326.93,,,
145,1970-04,,,,,,328.13,,,
146,1970-05,,,,,,328.08,,,
147,1970-06,,,,,,327.67,,,
148,1970-07,,,,,,326.34,,,
149,1970-08,,,,,,324.69,,,
150,1970-09,,,,,,323.1,,,
151,1970-10,,,,,,323.06,,,
152,1970-11,,,,,,324.01,,,
153,1970-12,,,,,,325.13,,,
154,1971-01,,,,,,326.17,,,
155,1971-02,,,,,,326.68,,,
156,1971-03,,,,,,327.17,,,
157,1971-04,,,,,,327.79,,,
158,1971-05,,,,,,328.93,,,
159,1971-06,,,,,,328.57,,,
160,1971-07,,,,,,327.36,,,
161,1971-08,,,,,,325.43,,,
162,1971-09,,,,,,323.36,,,
163,1971-10,,,,,,323.56,,,
164,1971-11,,,,,,324.8,,,
165,1971-12,,,,,,326.01,,,
166,1972-01,,,,,,326.77,,,
167,1972-02,,,,,,327.63,,,
168,1972-03,,,,,,327.75,,,
169,1972-04,,,,,,329.72,,,
170,1972-05,,,,,,330.07,,,
171,1972-06,,,,,,329.09,,,
172,1972-07,,,,,,328.04,,,
173,1972-08,,,,,,326.32,,,
174,1972-09,,,,,,324.84,,,
175,1972-10,,,,,,325.2,,,
176,1972-11,,,,,,326.5,,,
177,1972-12,,,,,,327.55,,,
178,1973-01,,,,,,328.55,,,
179,1973-02,,,,,,329.56,,,
180,1973-03,,,,,,330.3,,,
181,1973-04,,,,,,331.5,,,
182,1973-05,,,,,,332.48,,,
183,1973-06,,,,,,332.07,,,
184,1973-07,,,,,,330.87,,,
185,1973-08,,,,,,329.31,,,
186,1973-09,,,,,,327.51,,,
187,1973-10,,,,,,327.18,,,
188,1973-11,,,,,,328.16,,,
189,1973-12,,,,,,328.64,,,
190,1974-01,,,,,,329.35,,,
191,1974-02,,,,,,330.71,,,
192,1974-03,,,,,,331.48,,,
193,1974-04,,,,,,332.65,,,
194,1974-05,,,,,,333.18,,,
195,1974-06,,,,,,332.2,,,
196,1974-07,,,,,,331.07,,,
197,1974-08,,,,,,329.15,,,
198,1974-09,,,,,,327.33,,,
199,1974-10,,,,,,327.28,,,
200,1974-11,,,,,,328.31,,,
201,1974-12,,,,,,329.58,,,
202,1975-01,,,121.0,6.2,85.8,330.73,,,
203,1975-02,,,98.6,4.8,86.2,331.46,,,
204,1975-03,,,197.9,5.8,87.8,331.94,,,
205,1975-04,,,79.7,5.7,87.9,333.11,,,
206,1975-05,,,104.6,5.6,86.1,333.95,,,
207,1975-06,,,212.8,4.9,86.5,333.42,,,
208,1975-07,,,192.5,6.1,86.5,331.97,,,
209,1975-08,,,177.0,6.0,86.3,329.95,,,
210,1975-09,,,146.5,5.5,86.8,328.5,,,
211,1975-10,,,169.8,4.4,86.0,328.36,,,
212,1975-11,,,298.4,3.4,89.7,329.38,,,
213,1975-12,,,126.6,4.9,87.4,330.78,,,
214,1976-01,,,44.3,7.4,80.4,331.56,,,
215,1976-02,,,89.5,7.8,79.1,332.74,,,
216,1976-03,,,122.5,6.0,83.4,333.36,,,
217,1976-04,,,277.4,5.3,86.3,334.74,,,
218,1976-05,,,138.0,6.8,85.0,334.72,,,
219,1976-06,,,100.1,6.4,83.5,333.98,,,
220,1976-07,,,242.5,6.1,84.6,333.08,,,
221,1976-08,,,150.5,6.8,85.8,330.68,,,
222,1976-09,,,217.9,5.9,85.3,328.96,,,
223,1976-10,,,243.2,4.5,87.6,328.72,,,
224,1976-11,,,237.1,4.2,88.5,330.16,,,
225,1976-12,,,303.6,5.3,89.9,331.62,,,
226,1977-01,,,52.0,7.3,83.1,332.68,,,
227,1977-02,,,196.0,3.7,86.8,333.17,,,
228,1977-03,,,25.9,7.5,82.0,334.96,,,
229,1977-04,,,16.6,6.7,81.1,336.14,,,
230,1977-05,,,117.7,6.4,83.3,336.93,,,
231,1977-06,,,201.5,5.3,86.8,336.17,,,
232,1977-07,,,118.9,6.5,86.2,334.89,,,
233,1977-08,,,217.0,5.2,86.7,332.56,,,
234,1977-09,,,216.9,5.1,86.5,331.29,,,
235,1977-10,,,56.3,6.0,85.4,331.28,,,
236,1977-11,,,356.4,3.8,90.3,332.46,,,
237,1977-12,,,199.5,5.4,89.3,333.6,,,
238,1978-01,,,315.4,5.6,87.5,334.94,,,
239,1978-02,,,93.1,7.3,84.5,335.26,,,
240,1978-03,,,187.7,6.1,85.7,336.66,,,
241,1978-04,,,146.1,6.6,85.9,337.69,,,
242,1978-05,,,174.7,5.2,86.9,338.02,,,
243,1978-06,,,197.0,5.7,85.3,338.01,,,
244,1978-07,,,167.1,5.8,84.9,336.5,,,
245,1978-08,,,129.8,5.6,82.6,334.42,,,
246,1978-09,,,185.1,4.8,86.1,332.36,,,
247,1978-10,,,143.2,4.4,86.8,332.45,,,
248,1978-11,,,357.0,3.8,88.5,333.76,,,
249,1978-12,,,669.8,5.2,88.7,334.91,,,
250,1979-01,,,74.3,7.5,83.5,336.14,,,
251,1979-02,,,97.5,7.5,83.5,336.69,,,
252,1979-03,,,132.9,6.0,84.1,338.27,,,
253,1979-04,,,282.1,4.5,88.5,338.82,,,
254,1979-05,,,162.5,6.0,86.0,339.24,,,
255,1979-06,,,173.2,5.2,87.4,339.26,,,
256,1979-07,,,206.1,5.5,85.2,337.54,,,
257,1979-08,,,134.7,7.5,83.7,335.72,,,
258,1979-09,,,171.6,5.6,85.7,333.97,,,
259,1979-10,,,299.0,4.3,86.0,334.24,,,
260,1979-11,,,309.4,3.0,91.1,335.32,,,
261,1979-12,,,124.8,5.9,85.4,336.81,,,
262,1980-01,,,326.2,6.5,85.6,337.9,,,
263,1980-02,,,92.2,7.4,85.9,338.34,,,
264,1980-03,,,57.5,6.7,84.8,340.07,,,
265,1980-04,,,196.6,4.9,86.7,340.93,,,
266,1980-05,,,183.1,6.5,85.4,341.45,,,
267,1980-06,,,125.1,6.1,85.4,341.36,,,
268,1980-07,,,146.3,6.1,85.0,339.45,,,
269,1980-08,,,254.0,4.8,86.3,337.67,,,
270,1980-09,,,118.1,5.3,85.8,336.25,,,
271,1980-10,,,351.3,5.4,85.1,336.14,,,
272,1980-11,,,248.6,4.2,89.2,337.3,,,
273,1980-12,,,226.7,3.9,88.6,338.29,,,
274,1981-01,,,37.3,5.9,82.1,339.29,,,
275,1981-02,,,176.5,7.0,84.5,340.55,,,
276,1981-03,,,55.5,7.7,82.3,341.63,,,
277,1981-04,,,141.0,4.7,86.2,342.6,,,
278,1981-05,,,158.4,4.2,87.3,343.04,,,
279,1981-06,,,67.8,6.8,81.0,342.54,,,
280,1981-07,,,207.0,6.1,81.4,340.82,,,
281,1981-08,,,49.5,7.9,77.9,338.48,,,
282,1981-09,,,149.3,4.8,79.0,336.95,,,
283,1981-10,,,78.5,5.7,85.6,337.05,,,
284,1981-11,,,53.5,3.7,83.3,338.58,,,
285,1981-12,,,381.5,5.0,87.0,339.91,,,
286,1982-01,25.9,23.5,85.8,5.6,83.7,340.93,,,
287,1982-02,27.1,24.3,97.4,7.6,82.1,341.76,,,
288,1982-03,27.2,24.8,90.7,5.1,85.4,342.77,,,
289,1982-04,27.0,25.1,227.5,4.7,88.1,343.96,,,
290,1982-05,28.0,25.7,166.4,5.8,85.6,344.77,,,
291,1982-06,28.4,25.7,62.5,7.3,81.8,343.88,,,
292,1982-07,28.2,25.1,58.5,7.6,80.3,342.42,,,
293,1982-08,27.7,25.0,234.8,5.4,83.7,340.24,,,
294,1982-09,27.9,25.2,42.1,5.2,83.7,338.38,,,
295,1982-10,27.4,24.9,75.8,5.6,83.6,338.41,,,
296,1982-11,27.3,25.1,189.9,5.8,86.3,339.44,,,
297,1982-12,26.2,24.6,418.2,3.3,88.7,340.78,,,
298,1983-01,26.5,24.6,253.6,4.3,87.4,341.57,,,
299,1983-02,28.1,25.0,34.0,9.3,81.4,342.79,,,
300,1983-03,28.9,25.4,64.4,8.9,80.3,343.37,,,
301,1983-04,29.4,26.1,43.1,6.6,81.6,345.39,,,
302,1983-05,28.3,26.0,292.9,5.9,86.4,346.14,,,
303,1983-06,28.3,25.9,110.4,5.9,84.7,345.76,,,
304,1983-07,27.6,25.4,124.1,5.4,86.3,344.32,1626.03,,
305,1983-08,28.1,25.5,176.0,6.3,83.1,342.51,1628.01,,
306,1983-09,27.2,25.1,250.1,3.9,84.6,340.46,1638.46,,
307,1983-10,27.6,25.2,149.1,5.2,82.0,340.53,1644.79,,
308,1983-11,26.6,24.7,227.5,3.2,86.1,341.79,1642.6,,
309,1983-12,25.4,23.9,355.6,2.7,89.7,343.2,1639.51,,
310,1984-01,25.5,23.7,251.2,4.1,85.8,344.21,1638.65,,
311,1984-02,25.8,24.0,470.4,4.1,86.0,344.92,1638.77,,
312,1984-03,26.5,24.6,361.3,5.3,85.4,345.68,1640.72,,
313,1984-04,27.3,25.2,153.1,6.2,83.8,347.38,1643.71,,
314,1984-05,27.3,25.2,186.5,6.4,84.1,347.78,1642.9,,
315,1984-06,27.5,25.3,255.0,5.4,83.1,347.16,1639.62,,
316,1984-07,27.2,25.0,127.2,5.7,83.7,345.79,1637.76,,
317,1984-08,27.4,25.2,102.7,6.0,84.1,343.74,1641.35,,
318,1984-09,26.8,24.7,186.7,4.9,83.9,341.59,1650.42,,
319,1984-10,27.4,25.0,187.5,5.2,82.5,341.86,1654.49,,
320,1984-11,26.5,24.7,127.7,4.3,86.3,343.31,1653.67,,
321,1984-12,26.0,24.2,277.4,3.3,86.7,345.0,1656.13,,
322,1985-01,26.6,24.1,111.1,8.7,81.5,345.48,1655.57,,
323,1985-02,27.0,24.9,79.3,6.5,84.0,346.41,1652.24,,
324,1985-03,27.1,24.9,88.0,5.6,83.9,347.91,1654.61,,
325,1985-04,27.5,25.3,110.5,5.5,83.8,348.66,1658.17,,
326,1985-05,28.0,25.7,70.1,5.7,83.4,349.28,1655.87,,
327,1985-06,28.2,25.3,37.0,5.8,79.4,348.65,1650.07,,
328,1985-07,27.0,24.7,131.8,5.3,83.1,346.9,1646.75,,
329,1985-08,27.7,25.1,56.9,6.2,80.4,345.26,1652.19,,
330,1985-09,26.9,24.7,110.7,5.0,83.1,343.47,1662.52,,
331,1985-10,26.7,24.7,169.0,4.1,84.7,343.35,1667.52,,
332,1985-11,26.6,24.6,179.4,4.1,85.0,344.73,1666.81,,
333,1985-12,26.1,24.3,340.1,4.6,86.2,346.12,1666.06,,
334,1986-01,25.7,23.6,308.2,3.9,83.9,346.78,1666.23,,
335,1986-02,26.9,24.0,26.7,7.2,78.4,347.48,1666.86,,
336,1986-03,26.4,24.7,353.4,6.2,86.6,348.25,1669.27,,
337,1986-04,27.4,25.4,150.0,6.2,85.3,349.86,1670.79,,
338,1986-05,28.2,25.7,145.1,6.2,81.8,350.52,1668.44,,
339,1986-06,27.9,25.5,122.9,6.8,82.5,349.98,1664.8,,
340,1986-07,27.9,25.1,109.7,6.2,79.9,348.25,1662.3,,
341,1986-08,28.3,25.1,72.9,5.6,77.3,346.17,1664.35,,
342,1986-09,26.7,24.6,396.0,4.7,84.4,345.48,1672.6,,
343,1986-10,26.9,24.9,227.3,5.0,85.0,344.82,1678.68,,
344,1986-11,26.6,24.5,256.7,4.5,84.1,346.22,1679.0,,
345,1986-12,26.3,24.4,367.2,5.4,85.2,347.49,1679.13,,
346,1987-01,25.5,23.7,568.6,4.0,86.0,348.73,1679.31,,
347,1987-02,26.6,23.8,86.9,9.2,79.0,348.92,1678.99,,
348,1987-03,27.5,25.2,132.5,6.9,83.2,349.81,1680.13,,
349,1987-04,27.9,25.6,72.5,6.2,82.8,351.4,1681.41,,
350,1987-05,27.6,25.6,270.0,5.6,84.6,352.15,1681.86,,
351,1987-06,28.7,26.0,126.6,6.8,80.7,351.58,1680.04,,
352,1987-07,28.1,25.5,80.9,6.7,81.3,350.21,1675.97,,
353,1987-08,27.4,25.2,191.9,5.1,83.6,348.2,1677.14,,
354,1987-09,27.6,25.2,129.9,5.4,82.5,346.66,1685.62,,
355,1987-10,27.9,25.4,22.6,5.8,82.1,346.72,1691.57,,
356,1987-11,27.3,25.1,347.6,4.5,84.0,348.08,1691.16,,
357,1987-12,26.4,24.4,72.8,4.8,84.6,349.28,1690.51,,
358,1988-01,26.8,24.7,237.5,5.9,84.3,350.51,1691.95,,
359,1988-02,27.1,24.9,158.1,6.7,83.2,351.7,1692.48,,
360,1988-03,27.3,25.3,186.8,5.2,85.3,352.5,1691.29,,
361,1988-04,27.8,25.7,109.6,5.4,84.5,353.67,1689.98,,
362,1988-05,28.4,26.0,229.6,5.6,82.7,354.35,1689.03,,
363,1988-06,28.0,25.5,252.2,6.5,81.6,353.88,1687.15,,
364,1988-07,27.3,25.2,305.4,6.0,84.0,352.8,1685.89,,
365,1988-08,27.0,25.0,80.1,4.9,84.9,350.49,1689.35,,
366,1988-09,27.1,25.0,440.4,4.8,84.5,348.97,1696.28,,
367,1988-10,27.5,25.2,134.6,4.1,83.2,349.37,1701.31,,
368,1988-11,26.3,24.6,401.4,3.7,86.8,350.42,1702.9,,
369,1988-12,26.2,23.7,62.9,5.7,81.1,351.62,1702.0,,
370,1989-01,26.5,24.4,189.7,5.8,84.1,353.07,1700.55,,
371,1989-02,26.6,23.7,52.4,6.7,78.3,353.43,1701.08,,
372,1989-03,26.3,24.7,305.9,4.5,87.6,354.08,1702.55,,
373,1989-04,27.0,25.2,198.6,5.7,86.4,355.72,1703.65,,
374,1989-05,27.3,25.5,194.0,5.2,86.6,355.95,1703.42,,
375,1989-06,27.5,25.2,117.6,6.0,83.3,355.44,1700.27,,
376,1989-07,27.7,25.4,157.6,6.0,82.6,354.05,1698.21,,
377,1989-08,27.1,25.0,201.0,5.3,83.7,351.84,1701.97,,
378,1989-09,26.9,24.8,247.3,5.5,84.4,350.09,1707.19,,
379,1989-10,27.1,24.9,111.0,5.5,83.7,350.33,1710.51,,
380,1989-11,26.7,24.8,508.4,5.5,86.0,351.55,1713.08,,
381,1989-12,26.3,24.4,179.7,4.8,85.5,352.91,1713.18,,
382,1990-01,26.2,24.0,147.4,5.3,83.8,353.86,1711.98,,
383,1990-02,27.6,25.0,24.1,8.9,80.9,355.1,1713.34,,
384,1990-03,28.2,25.1,94.2,8.3,77.6,355.75,1714.37,,
385,1990-04,28.5,25.9,52.4,6.3,81.2,356.38,1712.62,,
386,1990-05,28.6,25.9,180.1,6.5,81.1,357.38,1710.68,,
387,1990-06,28.3,25.7,112.6,6.3,80.7,356.39,1708.35,,
388,1990-07,27.5,25.1,124.0,5.9,82.7,354.89,1706.35,,
389,1990-08,28.0,25.6,146.6,5.8,82.3,353.06,1710.09,,
390,1990-09,27.2,25.0,204.5,5.1,83.2,351.38,1717.57,,
391,1990-10,27.5,25.2,56.4,5.9,83.5,351.69,1722.03,,
392,1990-11,27.2,25.0,180.4,4.6,83.5,353.14,1723.5,,
393,1990-12,26.3,24.5,201.1,5.5,86.0,354.41,1723.36,,
394,1991-01,26.7,24.6,123.9,5.6,84.1,354.93,1721.6,,
395,1991-02,27.1,24.6,45.5,7.0,81.6,355.82,1721.22,,
396,1991-03,27.8,25.0,92.4,7.1,79.9,357.33,1722.14,,
397,1991-04,27.7,25.6,134.2,5.8,84.3,358.77,1722.53,,
398,1991-05,27.7,25.9,256.4,5.1,86.6,359.23,1722.2,,
399,1991-06,28.6,26.0,88.7,7.1,81.0,358.23,1719.02,,
400,1991-07,28.5,25.5,37.3,6.7,78.7,356.3,1716.06,,
401,1991-08,28.2,25.4,226.2,5.3,79.8,353.97,1719.23,,
402,1991-09,27.5,25.3,123.1,4.1,83.0,352.34,1726.19,,
403,1991-10,27.5,25.0,52.0,4.2,81.4,352.43,1732.74,,
404,1991-11,26.3,24.5,205.0,3.5,86.5,353.89,1737.5,,
405,1991-12,25.6,24.4,492.3,3.0,90.7,355.21,1739.67,,
406,1992-01,26.6,24.3,83.9,6.6,82.4,356.34,1738.86,,
407,1992-02,27.5,24.8,62.4,7.7,80.5,357.21,1737.34,,
408,1992-03,28.2,25.5,67.6,7.4,80.6,357.97,1736.96,,
409,1992-04,28.4,26.0,160.3,6.5,82.4,359.22,1736.62,,
410,1992-05,28.1,25.9,63.1,5.7,83.3,359.71,1734.92,,
411,1992-06,28.0,25.7,162.8,5.5,82.7,359.44,1731.61,,
412,1992-07,27.3,25.2,290.8,4.7,83.8,357.15,1728.86,,
413,1992-08,27.8,25.2,76.1,5.7,81.1,354.99,1730.41,,
414,1992-09,27.3,25.0,83.6,5.1,82.9,353.01,1734.7,,
415,1992-10,27.4,25.0,233.2,4.5,82.0,353.41,1737.75,,
416,1992-11,26.1,24.5,474.3,3.7,87.7,354.42,1739.3,,
417,1992-12,25.5,24.3,502.7,3.4,90.3,355.68,1738.58,,
418,1993-01,26.2,24.3,176.4,5.5,85.7,357.1,1735.75,,
419,1993-02,26.7,24.1,69.2,8.5,80.5,357.42,1734.39,,
420,1993-03,26.7,24.9,250.5,5.4,86.3,358.59,1735.51,,
421,1993-04,27.6,25.5,283.9,6.4,84.5,359.39,1736.66,,
422,1993-05,28.2,25.9,129.9,6.1,82.9,360.3,1734.96,,
423,1993-06,28.5,25.8,115.5,6.2,80.9,359.64,1730.86,,
424,1993-07,27.9,25.6,240.0,5.2,83.2,357.45,1728.01,,
425,1993-08,28.6,25.7,106.8,7.4,79.4,355.76,1731.18,,
426,1993-09,27.9,25.3,61.7,5.9,81.4,354.14,1738.49,,
427,1993-10,27.5,25.4,175.5,5.2,84.3,354.23,1743.34,,
428,1993-11,26.9,25.2,250.8,4.7,87.4,355.53,1745.17,,
429,1993-12,26.5,24.9,308.5,4.2,87.4,357.03,1744.28,,
430,1994-01,26.9,24.5,56.9,6.2,82.1,358.36,1741.41,,
431,1994-02,27.0,25.0,133.5,6.4,84.5,359.04,1740.86,,
432,1994-03,26.8,25.1,288.2,3.5,87.1,360.11,1741.93,,
433,1994-04,27.9,25.8,154.0,5.8,84.8,361.36,1741.9,,
434,1994-05,28.1,26.0,169.6,5.0,84.8,361.78,1740.63,,
435,1994-06,28.1,25.8,184.7,6.0,83.5,360.94,1736.93,,
436,1994-07,28.4,25.5,53.8,7.6,78.9,359.51,1732.4,,
437,1994-08,28.1,25.4,45.1,6.5,80.0,357.59,1734.08,,
438,1994-09,28.3,25.4,23.7,3.8,78.7,355.86,1742.97,,
439,1994-10,27.9,25.3,84.7,4.5,81.5,356.21,1749.83,,
440,1994-11,26.7,25.2,322.2,4.5,88.4,357.65,1751.24,,
441,1994-12,26.9,24.9,425.4,5.3,85.5,359.1,1751.56,,
442,1995-01,26.8,25.0,349.4,5.0,86.2,360.04,1751.02,,
443,1995-02,26.5,24.8,334.0,4.9,87.5,361.0,1749.39,,
444,1995-03,27.6,25.4,67.7,5.9,83.9,361.98,1748.95,,
445,1995-04,27.9,25.9,242.3,5.7,85.3,363.44,1749.44,,
446,1995-05,28.5,26.3,84.4,6.0,83.7,363.83,1747.7,,
447,1995-06,28.9,26.3,63.7,6.6,81.9,363.33,1742.84,,
448,1995-07,28.0,25.7,173.6,5.2,82.6,361.78,1740.06,,
449,1995-08,27.4,25.5,211.6,4.1,85.6,359.33,1743.48,,
450,1995-09,28.3,25.8,29.5,5.8,81.6,358.32,1749.73,,
451,1995-10,27.8,25.5,101.1,4.7,82.8,358.14,1754.23,,
452,1995-11,27.0,25.2,372.8,3.7,86.8,359.61,1755.31,,
453,1995-12,26.3,24.5,302.5,3.1,86.6,360.82,1753.75,,
454,1996-01,26.2,24.1,173.2,5.2,84.2,362.2,1752.32,,
455,1996-02,26.5,24.4,180.2,5.8,84.6,363.36,1752.91,,
456,1996-03,27.8,25.1,129.7,7.7,81.0,364.28,1752.4,,
457,1996-04,27.8,25.8,178.2,5.4,85.5,364.69,1749.86,,
458,1996-05,28.5,26.3,107.5,7.0,83.7,365.25,1748.63,,
459,1996-06,28.3,26.1,265.8,5.9,84.3,365.06,1746.22,,
460,1996-07,28.3,25.9,162.3,6.8,81.9,363.69,1742.21,,
461,1996-08,27.4,25.2,258.4,5.0,83.4,361.55,1744.67,,
462,1996-09,27.7,25.3,297.0,4.8,82.2,359.69,1753.03,,
463,1996-10,27.5,25.2,300.0,4.3,83.0,359.72,1758.96,,
464,1996-11,27.3,25.1,180.2,4.4,83.5,361.04,1759.91,,
465,1996-12,26.6,24.3,185.5,4.5,82.9,362.39,1756.83,,
466,1997-01,27.1,24.0,15.4,7.7,77.3,363.24,1753.35,,
467,1997-02,27.4,24.8,105.4,4.9,80.8,364.21,1753.83,,
468,1997-03,28.1,25.2,34.3,7.0,79.6,364.65,1755.64,,
469,1997-04,28.1,25.7,118.4,5.6,82.7,366.48,1755.53,,
470,1997-05,29.3,26.2,41.6,6.8,77.7,366.77,1753.89,,
471,1997-06,29.3,26.0,78.9,7.3,76.7,365.73,1750.2,,
472,1997-07,28.8,25.5,18.6,6.5,76.5,364.46,1746.16,,4.0
473,1997-08,28.8,25.7,86.6,5.7,78.2,362.4,1747.94,,4.0
474,1997-09,28.8,25.6,31.1,3.2,77.0,360.44,1755.09,,4.02
475,1997-10,28.2,25.6,78.4,3.2,81.0,360.98,1760.22,,4.05
476,1997-11,27.8,25.4,158.3,5.4,82.8,362.65,1761.67,,4.08
477,1997-12,27.3,25.4,351.9,5.3,85.3,364.51,1761.92,,4.1
478,1998-01,28.0,25.7,268.8,7.4,83.2,365.39,1761.49,,4.11
479,1998-02,28.9,25.9,32.5,8.9,78.3,366.1,1761.55,,4.13
480,1998-03,29.5,26.3,58.8,7.6,77.8,367.36,1763.04,,4.15
481,1998-04,29.2,26.7,187.7,6.7,81.8,368.79,1764.69,,4.18
482,1998-05,29.4,26.9,370.8,5.9,82.3,369.56,1764.21,,4.19
483,1998-06,28.6,26.1,198.8,5.3,82.1,369.13,1760.33,,4.2
484,1998-07,28.1,25.6,259.2,5.1,81.8,367.98,1756.12,,4.21
485,1998-08,27.5,25.5,195.0,4.6,85.4,366.1,1760.07,,4.22
486,1998-09,27.9,25.8,258.2,4.5,84.1,364.16,1770.51,,4.24
487,1998-10,28.0,25.6,222.7,5.0,82.3,364.54,1776.19,,4.27
488,1998-11,27.9,25.4,107.2,4.6,81.9,365.67,1775.57,,4.29
489,1998-12,26.6,25.1,463.4,3.1,88.5,367.3,1774.18,,4.31
490,1999-01,26.6,25.1,193.9,3.9,88.3,368.35,1773.97,,4.33
491,1999-02,27.2,24.9,67.4,6.7,82.4,369.28,1774.15,,4.35
492,1999-03,27.1,25.5,181.4,4.3,87.5,369.84,1774.75,,4.36
493,1999-04,28.3,25.9,88.5,5.8,82.6,371.15,1774.94,,4.36
494,1999-05,28.0,25.9,157.1,5.7,84.4,371.12,1772.66,,4.35
495,1999-06,28.2,25.7,103.4,6.0,81.9,370.46,1767.42,,4.36
496,1999-07,27.8,25.4,225.4,6.8,82.7,369.61,1762.99,,4.37
497,1999-08,27.5,25.4,204.0,5.7,84.1,367.06,1764.71,,4.38
498,1999-09,27.9,25.4,125.9,6.5,81.7,364.95,1771.12,,4.4
499,1999-10,27.2,25.1,205.0,4.8,84.6,365.52,1776.63,,4.43
500,1999-11,27.3,25.1,241.5,4.7,84.4,366.88,1778.56,,4.46
501,1999-12,26.8,24.8,340.5,4.1,85.3,368.26,1777.3,,4.48
502,2000-01,26.3,24.6,275.2,4.0,86.9,369.45,1775.7,,4.5
503,2000-02,26.6,24.8,237.8,5.8,86.5,369.71,1775.82,,4.51
504,2000-03,27.2,25.3,238.3,5.8,85.8,370.75,1776.84,,4.53
505,2000-04,27.5,25.6,311.6,5.3,85.6,371.98,1777.36,,4.55
506,2000-05,28.6,26.2,96.8,6.8,82.4,371.75,1774.62,,4.57
507,2000-06,27.6,25.5,157.5,4.6,84.3,371.87,1768.22,,4.58
508,2000-07,28.1,25.7,116.1,6.5,82.6,370.02,1763.59,,4.58
509,2000-08,27.5,25.4,113.5,5.1,83.8,368.27,1765.66,,4.59
510,2000-09,28.0,25.6,81.1,6.2,82.2,367.15,1772.21,,4.62
511,2000-10,27.8,25.3,120.9,4.0,82.1,367.18,1777.13,,4.65
512,2000-11,27.3,25.6,385.7,3.7,87.1,368.53,1777.75,,4.66
513,2000-12,27.0,25.3,236.0,4.2,87.6,369.83,1775.33,,4.68
514,2001-01,26.5,24.9,425.8,4.4,87.4,370.76,1772.86,316.3,4.69
515,2001-02,27.0,24.8,86.6,4.9,83.6,371.69,1772.53,316.31,4.71
516,2001-03,27.5,25.4,297.3,5.4,84.5,372.63,1773.69,316.21,4.73
517,2001-04,27.7,25.9,203.3,5.4,86.0,373.55,1773.87,316.12,4.75
518,2001-05,28.5,26.5,164.9,6.0,85.0,374.03,1770.77,316.11,4.76
519,2001-06,28.2,25.8,137.1,4.9,82.5,373.4,1765.92,316.16,4.76
520,2001-07,28.4,25.8,111.3,8.1,80.8,371.68,1762.79,316.23,4.77
521,2001-08,28.0,25.8,158.3,4.9,83.7,369.78,1764.35,316.3,4.78
522,2001-09,28.0,25.6,162.0,6.2,82.3,368.34,1770.46,316.41,4.81
523,2001-10,27.6,25.4,252.2,4.2,83.7,368.61,1775.52,316.59,4.83
524,2001-11,27.2,25.2,175.3,3.7,84.9,369.94,1776.57,316.76,4.86
525,2001-12,26.7,24.9,609.0,4.5,86.8,371.42,1775.95,316.87,4.88
526,2002-01,27.0,24.8,221.2,6.9,83.6,372.7,1774.09,316.93,4.89
527,2002-02,27.3,24.7,50.8,7.4,80.9,373.37,1772.81,316.97,4.91
528,2002-03,28.2,25.5,55.6,7.6,80.8,374.3,1773.39,316.96,4.93
529,2002-04,28.6,26.1,116.5,6.6,82.3,375.19,1772.69,316.9,4.95
530,2002-05,28.9,26.4,236.6,6.2,82.3,375.93,1770.26,316.85,4.96
531,2002-06,28.7,26.2,83.1,6.3,82.1,375.69,1766.91,316.83,4.96
532,2002-07,28.4,26.1,233.7,6.8,82.7,374.16,1764.31,316.82,4.98
533,2002-08,28.5,25.6,54.2,6.7,79.2,372.03,1767.05,316.82,4.99
534,2002-09,28.1,25.5,124.2,5.5,81.7,370.92,1773.77,316.87,5.01
535,2002-10,28.7,25.8,10.8,6.2,79.8,370.73,1778.23,316.99,5.03
536,2002-11,27.4,25.5,307.2,4.6,85.8,372.43,1779.55,317.13,5.06
537,2002-12,27.2,25.7,255.0,4.8,88.7,373.98,1779.73,317.24,5.09
538,2003-01,26.7,24.9,444.2,4.7,86.9,375.07,1777.53,317.29,5.11
539,2003-02,27.1,25.1,172.9,5.8,85.0,375.82,1774.84,317.34,5.12
540,2003-03,28.1,25.8,154.6,6.9,83.8,376.64,1774.85,317.4,5.15
541,2003-04,27.9,26.1,159.9,5.1,86.7,377.92,1775.71,317.47,5.19
542,2003-05,29.2,26.6,81.8,5.9,81.7,378.78,1774.41,317.51,5.22
543,2003-06,28.9,25.9,50.3,7.0,78.5,378.46,1771.71,317.53,5.23
544,2003-07,28.1,25.6,170.4,5.6,81.7,376.88,1770.67,317.57,5.24
545,2003-08,28.2,25.9,193.6,6.1,83.1,374.57,1774.23,317.63,5.25
546,2003-09,27.6,25.6,205.3,5.0,84.8,373.34,1780.5,317.77,5.28
547,2003-10,27.6,25.5,351.4,5.1,84.9,373.31,1784.66,317.93,5.3
548,2003-11,27.1,25.4,133.8,4.2,87.3,374.84,1785.31,318.04,5.32
549,2003-12,26.5,24.9,273.0,3.9,87.2,376.17,1783.59,318.11,5.34
550,2004-01,26.9,25.1,600.9,6.7,86.7,377.17,1780.83,318.18,5.36
551,2004-02,27.6,25.0,31.9,7.7,80.5,378.05,1779.94,318.2,5.38
552,2004-03,27.7,25.7,269.4,4.8,85.8,379.06,1780.98,318.17,5.4
553,2004-04,28.9,26.4,57.1,7.0,82.3,380.54,1780.7,318.14,5.42
554,2004-05,28.9,26.4,137.6,6.0,82.1,380.8,1777.58,318.14,5.44
555,2004-06,29.0,26.2,127.2,6.4,79.8,379.87,1772.32,318.13,5.44
556,2004-07,27.3,25.4,166.6,4.2,85.3,377.65,1767.98,318.14,5.45
557,2004-08,28.3,25.5,185.2,7.3,80.3,376.17,1769.71,318.17,5.47
558,2004-09,27.8,25.6,128.9,5.9,83.6,374.43,1775.48,318.23,5.49
559,2004-10,27.8,25.6,125.6,5.1,83.9,374.63,1779.66,318.34,5.51
560,2004-11,27.3,25.4,166.2,5.8,86.1,376.33,1780.48,318.56,5.54
561,2004-12,26.8,24.9,139.8,4.9,85.2,377.68,1778.29,318.76,5.56
562,2005-01,26.6,24.4,163.2,6.5,83.3,378.63,1776.01,318.87,5.58
563,2005-02,28.5,25.3,8.4,9.1,77.7,379.91,1775.61,318.89,5.6
564,2005-03,28.5,25.7,82.4,7.2,80.3,380.95,1775.49,318.88,5.62
565,2005-04,28.7,26.0,81.7,7.0,81.0,382.48,1774.59,318.79,5.64
566,2005-05,28.5,26.4,331.1,5.5,84.6,382.64,1772.32,318.66,5.65
567,2005-06,28.8,26.4,82.3,5.4,82.7,382.4,1768.73,318.6,5.65
568,2005-07,28.0,25.8,104.0,5.4,84.0,380.93,1766.3,318.65,5.66
569,2005-08,28.2,25.9,58.5,6.5,82.9,378.93,1768.03,318.77,5.68
570,2005-09,28.2,26.0,175.7,6.2,84.2,376.89,1773.25,318.9,5.7
571,2005-10,27.6,25.6,314.5,5.1,85.2,377.19,1778.59,319.1,5.73
572,2005-11,27.3,25.4,362.9,4.4,86.4,378.54,1781.11,319.36,5.75
573,2005-12,27.3,25.3,166.0,4.5,85.6,380.31,1780.12,319.57,5.78
574,2006-01,26.5,24.9,454.4,4.8,87.8,381.58,1779.4,319.73,5.81
575,2006-02,27.5,25.4,115.5,7.4,84.0,382.4,1779.39,319.8,5.83
576,2006-03,28.3,25.7,83.1,7.1,81.3,382.86,1777.37,319.77,5.85
577,2006-04,27.6,25.9,239.8,5.3,87.0,384.8,1776.1,319.7,5.87
578,2006-05,28.1,26.1,205.7,5.0,85.2,385.22,1774.96,319.68,5.89
579,2006-06,27.8,26.0,236.8,5.5,86.3,384.24,1769.32,319.66,5.9
580,2006-07,28.4,26.2,153.8,6.9,83.8,382.65,1764.16,319.63,5.91
581,2006-08,28.3,25.9,127.3,6.7,81.9,380.6,1767.22,319.67,5.93
582,2006-09,28.0,25.4,83.3,5.3,81.0,379.04,1774.6,319.82,5.95
583,2006-10,28.3,25.7,102.0,4.8,80.9,379.33,1778.19,320.0,5.97
584,2006-11,27.3,25.6,185.6,5.6,87.4,380.35,1779.0,320.16,6.0
585,2006-12,26.6,25.1,765.9,3.2,88.5,382.02,1779.93,320.26,6.03
586,2007-01,26.5,24.7,450.1,4.1,86.8,383.1,1779.2,320.36,6.06
587,2007-02,27.3,24.9,105.5,7.6,82.5,384.12,1778.66,320.38,6.09
588,2007-03,27.5,25.4,269.1,5.8,84.9,384.81,1780.34,320.29,6.12
589,2007-04,28.1,26.0,240.2,5.9,84.7,386.73,1781.1,320.19,6.14
590,2007-05,28.3,26.2,127.2,5.5,84.8,386.78,1779.44,320.23,6.16
591,2007-06,28.4,26.1,139.0,6.0,82.8,386.33,1775.63,320.25,6.16
592,2007-07,27.7,25.7,141.7,3.9,84.8,384.73,1772.57,320.19,6.17
593,2007-08,27.7,25.4,190.7,5.7,82.9,382.24,1777.2,320.23,6.19
594,2007-09,27.8,25.6,149.0,5.8,83.3,381.2,1785.94,320.46,6.22
595,2007-10,27.8,25.5,237.2,5.6,83.2,381.37,1789.84,320.74,6.26
596,2007-11,26.9,25.1,367.9,3.5,86.5,382.7,1789.5,320.96,6.28
597,2007-12,26.4,24.7,468.6,4.5,86.8,384.19,1788.24,321.16,6.31
598,2008-01,26.8,24.9,262.6,6.1,86.0,385.78,1786.72,321.33,6.34
599,2008-02,26.7,24.4,129.2,5.5,82.9,386.06,1785.78,321.39,6.37
600,2008-03,26.5,24.8,294.1,4.3,87.1,386.28,1786.1,321.39,6.39
601,2008-04,28.1,25.6,87.2,6.0,82.0,387.34,1786.83,321.39,6.41
602,2008-05,28.8,25.8,124.9,6.6,79.1,388.78,1785.18,321.43,6.44
603,2008-06,28.2,25.7,118.3,5.6,81.5,387.99,1780.46,321.45,6.45
604,2008-07,27.8,25.3,89.1,4.9,81.3,386.61,1777.59,321.42,6.46
605,2008-08,27.4,25.3,327.3,5.5,83.8,384.32,1781.03,321.39,6.48
606,2008-09,27.7,25.3,164.4,5.1,82.7,383.41,1787.67,321.48,6.51
607,2008-10,27.6,25.5,159.5,4.5,84.9,383.21,1793.66,321.65,6.55
608,2008-11,27.3,25.4,324.3,4.0,85.9,384.41,1797.33,321.8,6.59
609,2008-12,26.9,24.7,244.2,4.7,83.7,385.79,1796.67,321.97,6.62
610,2009-01,26.8,24.0,38.3,6.6,79.1,387.17,1795.11,322.21,6.64
611,2009-02,27.3,24.6,201.8,6.5,80.7,387.7,1795.65,322.35,6.67
612,2009-03,27.2,25.2,223.3,5.5,85.4,389.04,1796.08,322.27,6.69
613,2009-04,28.5,26.0,183.7,6.2,82.2,389.76,1795.6,322.1,6.71
614,2009-05,28.7,26.4,198.6,6.6,83.0,390.36,1792.35,321.98,6.72
615,2009-06,29.1,26.3,21.8,6.7,79.8,389.7,1786.91,321.95,6.73
616,2009-07,28.3,25.6,161.0,6.2,80.8,388.24,1784.92,322.02,6.75
617,2009-08,28.3,25.6,177.8,6.5,80.7,386.29,1788.82,322.14,6.77
618,2009-09,28.3,25.9,109.6,5.6,82.0,384.95,1794.82,322.3,6.8
619,2009-10,28.2,25.9,133.4,5.4,82.8,384.64,1798.0,322.51,6.83
620,2009-11,27.2,25.3,281.8,4.7,85.6,386.23,1797.9,322.7,6.86
621,2009-12,27.1,25.3,189.8,4.8,86.3,387.63,1796.73,322.84,6.89
622,2010-01,27.5,25.0,69.5,7.1,82.1,388.91,1797.09,322.91,6.92
623,2010-02,28.9,25.6,6.3,8.8,77.3,390.41,1798.74,322.93,6.95
624,2010-03,28.6,25.7,238.0,6.1,79.9,391.37,1799.45,322.94,6.98
625,2010-04,28.6,26.3,158.5,6.2,84.1,392.67,1799.59,322.97,6.99
626,2010-05,29.2,26.7,157.5,6.5,82.2,393.21,1797.71,323.01,7.01
627,2010-06,28.3,26.1,240.5,5.1,83.9,392.38,1792.56,323.01,7.03
628,2010-07,27.7,25.6,298.5,4.6,84.8,390.41,1789.4,323.03,7.05
629,2010-08,27.9,25.7,158.4,5.4,84.2,388.54,1794.02,323.1,7.07
630,2010-09,28.0,25.6,121.5,5.7,82.5,387.03,1801.79,323.26,7.08
631,2010-10,28.3,25.8,166.2,4.2,82.3,387.43,1806.48,323.51,7.11
632,2010-11,27.4,25.4,278.8,5.0,85.9,388.87,1807.01,323.76,7.13
633,2010-12,26.8,24.8,181.4,3.6,85.3,389.99,1803.61,323.94,7.16
634,2011-01,26.3,24.4,513.2,4.5,85.8,391.5,1800.45,324.04,7.18
635,2011-02,27.3,24.7,23.0,7.5,81.1,392.05,1800.21,324.08,7.2
636,2011-03,27.1,25.1,256.6,4.6,85.5,392.8,1801.0,324.08,7.23
637,2011-04,27.9,25.7,217.8,7.2,83.9,393.44,1802.85,324.06,7.26
638,2011-05,28.5,26.5,127.0,5.9,85.3,394.41,1803.32,324.05,7.28
639,2011-06,28.4,26.1,213.0,5.0,83.7,393.95,1799.2,324.05,7.3
640,2011-07,28.7,26.1,76.6,7.8,81.3,392.72,1796.13,324.06,7.3
641,2011-08,27.9,25.6,81.4,6.1,82.6,390.33,1798.95,324.1,7.31
642,2011-09,27.8,25.5,136.4,5.1,82.7,389.28,1804.01,324.24,7.33
643,2011-10,27.3,25.5,216.8,5.3,87.4,389.19,1809.49,324.45,7.37
644,2011-11,27.1,25.5,377.8,4.7,87.8,390.48,1812.32,324.63,7.41
645,2011-12,26.6,25.1,284.6,3.3,88.4,392.06,1810.02,324.77,7.44
646,2012-01,26.7,25.0,106.1,6.0,87.3,393.31,1807.29,324.9,7.47
647,2012-02,27.2,25.3,83.6,7.0,85.6,394.04,1808.27,324.97,7.5
648,2012-03,27.0,25.3,313.4,4.2,87.3,394.59,1809.96,324.96,7.53
649,2012-04,27.6,25.6,260.6,5.8,85.1,396.38,1808.38,324.92,7.55
650,2012-05,28.2,25.8,292.0,5.6,83.1,396.93,1804.69,324.9,7.57
651,2012-06,28.7,25.8,53.0,6.0,79.0,395.91,1800.94,324.86,7.59
652,2012-07,27.7,25.2,130.8,6.2,81.1,394.56,1799.24,324.87,7.6
653,2012-08,27.9,25.2,119.0,6.1,79.8,392.59,1803.19,324.97,7.62
654,2012-09,27.9,25.2,107.6,5.6,79.7,391.32,1810.1,325.12,7.65
655,2012-10,27.7,25.2,122.2,5.9,81.3,391.27,1814.72,325.28,7.69
656,2012-11,27.1,25.1,208.2,4.4,85.4,393.2,1815.86,325.43,7.73
657,2012-12,26.7,25.0,363.4,3.6,87.0,394.57,1814.62,325.53,7.75
658,2013-01,27.1,24.6,262.0,6.0,82.1,395.78,1814.13,325.58,7.78
659,2013-02,26.5,24.8,395.2,4.0,86.9,397.03,1814.22,325.62,7.81
660,2013-03,28.3,25.5,85.8,7.5,80.4,397.66,1813.3,325.68,7.83
661,2013-04,28.2,25.8,159.4,5.2,82.7,398.64,1812.8,325.74,7.86
662,2013-05,28.2,25.8,211.4,5.4,83.1,400.02,1811.88,325.81,7.88
663,2013-06,29.0,25.3,111.4,6.4,74.6,398.81,1808.46,325.89,7.9
664,2013-07,27.8,25.0,174.6,5.7,79.9,397.51,1805.68,325.95,7.92
665,2013-08,27.9,25.0,165.6,6.1,79.0,395.39,1808.37,325.98,7.94
666,2013-09,27.5,25.0,257.0,4.6,81.3,393.72,1814.3,326.05,7.97
667,2013-10,27.7,25.0,285.4,6.3,79.9,393.9,1818.55,326.2,8.0
668,2013-11,27.1,25.1,292.4,4.5,84.6,395.36,1820.37,326.37,8.04
669,2013-12,26.5,24.6,348.2,3.5,85.8,397.03,1819.4,326.51,8.06
670,2014-01,26.2,23.4,75.4,5.3,78.5,398.04,1816.89,326.61,8.09
671,2014-02,27.2,23.7,0.2,8.8,74.5,398.27,1816.4,326.66,8.11
672,2014-03,27.9,24.5,66.0,8.0,76.0,399.91,1818.11,326.72,8.14
673,2014-04,28.2,25.5,110.0,5.7,80.0,401.51,1820.88,326.79,8.18
674,2014-05,28.6,25.8,125.8,5.8,80.2,401.96,1821.95,326.82,8.21
675,2014-06,29.0,25.9,71.4,6.0,77.5,401.43,1818.41,326.89,8.23
676,2014-07,28.7,25.7,148.6,5.5,78.3,399.27,1815.6,327.03,8.26
677,2014-08,27.7,24.9,241.0,4.5,79.7,397.18,1819.82,327.18,8.28
678,2014-09,28.5,25.1,83.6,7.0,75.6,395.54,1826.97,327.33,8.31
679,2014-10,28.4,25.2,120.0,6.0,77.0,396.16,1831.25,327.52,8.35
680,2014-11,27.5,25.1,250.8,5.4,82.4,397.4,1833.09,327.71,8.39
681,2014-12,27.0,24.7,245.6,3.7,82.6,399.08,1833.54,327.87,8.42
682,2015-01,26.9,23.8,79.6,7.4,77.6,400.18,1832.89,327.99,8.44
683,2015-02,27.0,23.6,18.8,7.3,75.4,400.55,1832.73,328.05,8.47
684,2015-03,28.2,24.8,84.4,7.3,75.8,401.74,1833.07,328.04,8.5
685,2015-04,28.6,25.4,73.2,7.2,77.1,403.34,1833.19,327.97,8.52
686,2015-05,28.7,25.8,89.0,5.8,78.9,404.15,1831.79,327.92,8.54
687,2015-06,29.0,25.6,95.8,6.7,75.8,402.97,1827.37,327.96,8.56
688,2015-07,29.1,25.5,116.8,7.1,74.9,401.46,1824.8,328.04,8.57
689,2015-08,28.4,25.2,185.8,6.1,76.7,399.11,1829.16,328.12,8.6
690,2015-09,28.7,25.2,61.6,4.3,75.0,397.82,1836.23,328.24,8.63
691,2015-10,28.7,25.2,87.2,4.7,75.4,398.49,1841.49,328.42,8.67
692,2015-11,28.0,25.1,72.6,4.8,79.1,400.27,1844.75,328.61,8.71
693,2015-12,27.7,25.1,302.0,5.3,81.1,402.06,1844.88,328.77,8.74
694,2016-01,28.3,25.5,126.6,7.2,79.6,402.73,1842.38,328.87,8.77
695,2016-02,27.8,24.9,186.0,6.5,78.8,404.25,1841.64,328.9,8.8
696,2016-03,29.0,25.4,6.2,8.0,74.7,405.06,1843.01,328.88,8.83
697,2016-04,29.4,25.9,89.8,7.0,75.6,407.6,1843.72,328.87,8.86
698,2016-05,29.3,26.1,193.8,6.2,77.4,407.9,1842.13,328.9,8.89
699,2016-06,28.5,25.4,162.8,5.4,77.7,406.99,1837.87,328.91,8.91
700,2016-07,28.4,25.3,168.6,6.3,77.3,404.59,1834.15,328.84,8.91
701,2016-08,28.9,25.2,139.2,6.7,74.0,402.45,1836.68,328.78,8.92
702,2016-09,28.3,24.6,118.9,5.5,73.9,401.23,1844.21,328.85,8.94
703,2016-10,28.3,24.4,181.0,4.6,72.0,401.79,1849.86,329.04,8.99
704,2016-11,27.4,24.4,290.2,3.5,77.6,403.72,1851.42,329.22,9.03
705,2016-12,27.4,23.6,292.6,5.1,72.8,404.64,1851.1,329.35,9.07
706,2017-01,26.9,24.9,197.6,4.8,84.8,406.36,1849.8,329.46,9.1
707,2017-02,26.9,24.7,158.4,7.1,83.2,406.66,1848.55,329.52,9.13
708,2017-03,27.4,25.0,136.2,6.1,82.5,407.54,1848.33,329.53,9.17
709,2017-04,27.8,25.5,208.6,5.3,83.5,409.22,1848.6,329.53,9.2
710,2017-05,28.5,26.1,190.0,5.9,82.8,409.89,1847.18,329.52,9.23
711,2017-06,28.5,25.8,106.0,6.3,80.2,409.08,1842.99,329.58,9.24
712,2017-07,28.3,25.5,79.6,7.0,79.6,407.33,1840.38,329.7,9.26
713,2017-08,28.1,25.4,84.2,6.1,79.9,405.32,1844.65,329.79,9.29
714,2017-09,28.0,25.4,124.4,5.7,81.0,403.57,1852.8,329.87,9.32
715,2017-10,27.9,25.5,120.8,5.5,82.5,403.82,1858.08,330.01,9.35
716,2017-11,27.1,25.2,268.6,4.2,86.3,405.31,1858.69,330.15,9.39
717,2017-12,27.0,25.0,371.2,5.6,85.2,407.0,1856.67,330.29,9.42
718,2018-01,26.1,24.3,287.0,4.1,86.6,408.15,1854.46,330.45,9.45
719,2018-02,27.2,24.1,14.8,8.0,77.2,408.52,1854.96,330.6,9.48
720,2018-03,28.0,25.0,44.6,6.4,78.4,409.59,1856.87,330.69,9.51
721,2018-04,28.5,25.5,61.2,6.8,78.5,410.45,1856.65,330.71,9.53
722,2018-05,28.7,25.7,132.2,5.8,79.0,411.44,1854.79,330.7,9.55
723,2018-06,28.4,25.6,182.6,4.1,79.3,410.99,1852.0,330.7,9.58
724,2018-07,28.5,25.4,143.2,6.1,77.7,408.9,1849.03,330.74,9.6
725,2018-08,28.5,25.3,121.6,6.7,77.0,407.16,1851.87,330.87,9.63
726,2018-09,28.0,24.8,144.4,6.0,77.1,405.71,1860.46,331.07,9.66
727,2018-10,27.9,25.1,234.4,6.1,79.7,406.19,1865.73,331.28,9.7
728,2018-11,27.3,25.0,169.6,3.8,83.2,408.21,1866.24,331.48,9.75
729,2018-12,27.6,25.1,172.6,5.1,81.5,409.27,1866.01,331.68,9.78
730,2019-01,28.0,24.6,63.6,7.1,75.6,411.03,1864.98,331.79,9.8
731,2019-02,28.2,24.6,31.6,9.2,74.1,411.96,1864.97,331.75,9.82
732,2019-03,28.7,24.7,72.2,8.3,72.3,412.18,1866.27,331.67,9.85
733,2019-04,28.6,25.5,174.8,5.9,77.6,413.54,1865.28,331.62,9.88
734,2019-05,29.3,26.3,69.0,7.0,79.2,414.86,1861.91,331.64,9.9
735,2019-06,28.4,25.6,173.8,5.3,79.5,414.16,1858.83,331.73,9.92
736,2019-07,29.0,25.5,12.2,7.5,75.2,411.97,1858.42,331.85,9.96
737,2019-08,29.1,25.1,11.8,7.6,72.1,410.18,1862.99,331.89,9.98
738,2019-09,29.0,25.2,22.8,6.7,73.0,408.76,1870.75,331.93,10.0
739,2019-10,28.1,25.1,176.8,6.5,78.1,408.75,1875.37,332.08,10.03
740,2019-11,28.0,25.1,137.4,5.5,79.2,410.48,1875.56,332.27,10.07
741,2019-12,26.7,24.6,421.5,4.8,83.9,411.98,1874.68,332.42,10.09
742,2020-01,27.7,24.7,88.4,7.1,77.9,413.61,1873.12,332.51,10.12
743,2020-02,27.9,24.5,65.0,8.3,76.0,414.34,1872.74,332.58,10.15
744,2020-03,28.6,25.1,108.8,7.6,75.2,414.74,1874.74,332.64,10.18
745,2020-04,28.9,25.5,188.0,7.1,76.4,416.45,1875.85,332.72,10.2
746,2020-05,28.9,26.0,255.6,5.7,79.1,417.31,1874.32,332.79,10.23
747,2020-06,28.1,25.4,233.8,4.3,80.2,416.6,1871.9,332.89,10.26
748,2020-07,27.9,25.0,140.8,5.7,78.2,414.62,1871.48,333.04,10.28
749,2020-08,28.3,25.1,103.4,6.4,76.8,412.78,1876.52,333.17,10.3
750,2020-09,27.5,24.7,150.2,4.8,79.0,411.52,1884.7,333.27,10.33
751,2020-10,28.3,24.9,78.8,4.3,75.4,411.51,1890.09,333.43,10.36
752,2020-11,27.2,24.8,220.6,4.0,81.7,413.12,1891.91,333.63,10.39
753,2020-12,27.2,24.7,253.2,5.2,81.1,414.26,1891.81,333.8,10.43
754,2021-01,26.0,23.7,692.8,4.2,82.6,415.52,1889.52,333.92,10.46
755,2021-02,27.3,23.7,1.0,8.2,73.8,416.75,1887.57,334.0,10.49
756,2021-03,27.9,24.7,182.4,7.3,76.6,417.64,1888.74,334.05,10.52
757,2021-04,28.2,25.1,290.4,6.8,77.4,419.05,1891.22,334.1,10.56
758,2021-05,28.7,25.9,245.8,6.0,79.3,419.13,1891.61,334.14,10.6
759,2021-06,28.5,25.5,93.4,6.5,77.8,418.94,1888.48,334.16,10.63
760,2021-07,28.6,25.4,195.8,6.8,76.5,416.96,1886.34,334.18,10.64
761,2021-08,27.6,25.0,293.6,4.8,80.4,414.47,1892.59,334.27,10.67
762,2021-09,28.3,25.2,205.4,6.4,77.3,413.3,1902.65,334.44,10.7
763,2021-10,28.5,25.5,177.0,6.2,78.3,413.93,1907.99,334.64,10.74
764,2021-11,27.6,25.1,312.4,4.9,81.7,415.01,1909.53,334.87,10.79
765,2021-12,27.7,25.0,119.6,5.4,79.7,416.71,1908.75,335.1,10.83
766,2022-01,27.4,24.4,99.8,8.3,77.4,418.19,1907.32,335.27,10.85
767,2022-02,27.3,24.6,175.0,5.9,80.3,419.28,1907.68,335.36,10.89
768,2022-03,28.1,25.3,163.2,6.4,79.2,418.81,1908.97,335.42,10.92
769,2022-04,28.1,25.4,239.6,5.2,80.0,420.23,1909.35,335.47,10.96
770,2022-05,29.2,25.9,102.0,6.7,76.5,420.99,1907.73,335.49,10.99
771,2022-06,27.9,25.1,211.8,4.7,79.1,420.99,1905.28,335.5,11.01
772,2022-07,28.6,25.4,145.2,6.2,76.8,418.9,1904.43,335.56,11.04
773,2022-08,28.1,25.1,141.4,5.5,77.4,417.19,1908.73,335.65,11.05
774,2022-09,27.9,24.8,121.0,3.8,76.9,415.95,1915.5,335.77,11.08
775,2022-10,27.6,24.7,279.0,3.5,78.7,415.78,1919.97,335.95,11.11
776,2022-11,27.4,24.7,313.8,3.8,79.9,417.51,1923.65,336.15,11.15
777,2022-12,26.8,24.3,215.4,3.6,81.2,418.99,1924.79,336.35,11.2
778,2023-01,26.5,24.2,302.6,4.4,81.9,419.48,1922.09,336.47,11.23
779,2023-02,26.9,24.2,324.4,5.1,79.4,420.3,1920.31,336.53,11.25
780,2023-03,27.1,24.3,243.4,6.0,79.2,420.98,1920.74,336.58,11.29
781,2023-04,28.5,25.4,222.8,5.8,77.4,423.36,,,
782,2023-05,29.5,25.8,112.8,6.6,73.7,424.0,,,
783,2023-06,,,,,,423.68,,,
